column dropped,at ID,non-numeric value
VR3_A,mobley_5631798,divide by zero encountered in log (VR3_A/VR3)
ATS0s,mobley_5631798,missing intrinsic state for ['N'] (ATS0s/Props)
ATS1s,mobley_5631798,missing intrinsic state for ['N'] (ATS0s/Props)
ATS2s,mobley_5631798,missing intrinsic state for ['N'] (ATS0s/Props)
ATS3s,mobley_5631798,missing intrinsic state for ['N'] (ATS0s/Props)
ATS4s,mobley_5631798,missing intrinsic state for ['N'] (ATS0s/Props)
ATS5s,mobley_5631798,missing intrinsic state for ['N'] (ATS0s/Props)
ATS6s,mobley_5631798,missing intrinsic state for ['N'] (ATS0s/Props)
ATS7s,mobley_5631798,missing intrinsic state for ['N'] (ATS0s/Props)
ATS8s,mobley_5631798,missing intrinsic state for ['N'] (ATS0s/Props)
AATS3m,mobley_664966,invalid value encountered in double_scalars (AATS3m)
AATS4m,mobley_1893815,invalid value encountered in double_scalars (AATS4m)
AATS5m,mobley_2410897,invalid value encountered in double_scalars (AATS5m)
AATS6m,mobley_5852491,invalid value encountered in double_scalars (AATS6m)
AATS7m,mobley_5852491,invalid value encountered in double_scalars (AATS7m)
AATS8m,mobley_5852491,invalid value encountered in double_scalars (AATS8m)
AATS3i,mobley_664966,invalid value encountered in double_scalars (AATS3i)
AATS4i,mobley_1893815,invalid value encountered in double_scalars (AATS4i)
AATS5i,mobley_2410897,invalid value encountered in double_scalars (AATS5i)
AATS6i,mobley_5852491,invalid value encountered in double_scalars (AATS6i)
AATS7i,mobley_5852491,invalid value encountered in double_scalars (AATS7i)
AATS8i,mobley_5852491,invalid value encountered in double_scalars (AATS8i)
AATS3pe,mobley_664966,invalid value encountered in double_scalars (AATS3pe)
AATS4pe,mobley_1893815,invalid value encountered in double_scalars (AATS4pe)
AATS5pe,mobley_2410897,invalid value encountered in double_scalars (AATS5pe)
AATS6pe,mobley_5852491,invalid value encountered in double_scalars (AATS6pe)
AATS7pe,mobley_5852491,invalid value encountered in double_scalars (AATS7pe)
AATS8pe,mobley_5852491,invalid value encountered in double_scalars (AATS8pe)
AATS3v,mobley_664966,invalid value encountered in double_scalars (AATS3v)
AATS4v,mobley_1893815,invalid value encountered in double_scalars (AATS4v)
AATS5v,mobley_2410897,invalid value encountered in double_scalars (AATS5v)
AATS6v,mobley_5852491,invalid value encountered in double_scalars (AATS6v)
AATS7v,mobley_5852491,invalid value encountered in double_scalars (AATS7v)
AATS8v,mobley_5852491,invalid value encountered in double_scalars (AATS8v)
AATS3se,mobley_664966,invalid value encountered in double_scalars (AATS3se)
AATS4se,mobley_1893815,invalid value encountered in double_scalars (AATS4se)
AATS5se,mobley_2410897,invalid value encountered in double_scalars (AATS5se)
AATS6se,mobley_5852491,invalid value encountered in double_scalars (AATS6se)
AATS7se,mobley_5852491,invalid value encountered in double_scalars (AATS7se)
AATS8se,mobley_5852491,invalid value encountered in double_scalars (AATS8se)
AATS3d,mobley_664966,invalid value encountered in double_scalars (AATS3d)
AATS4d,mobley_1893815,invalid value encountered in double_scalars (AATS4d)
AATS5d,mobley_2410897,invalid value encountered in double_scalars (AATS5d)
AATS6d,mobley_5852491,invalid value encountered in double_scalars (AATS6d)
AATS7d,mobley_5852491,invalid value encountered in double_scalars (AATS7d)
AATS8d,mobley_5852491,invalid value encountered in double_scalars (AATS8d)
AATS3are,mobley_664966,invalid value encountered in double_scalars (AATS3are)
AATS4are,mobley_1893815,invalid value encountered in double_scalars (AATS4are)
AATS5are,mobley_2410897,invalid value encountered in double_scalars (AATS5are)
AATS6are,mobley_5852491,invalid value encountered in double_scalars (AATS6are)
AATS7are,mobley_5852491,invalid value encountered in double_scalars (AATS7are)
AATS8are,mobley_5852491,invalid value encountered in double_scalars (AATS8are)
AATS3Z,mobley_664966,invalid value encountered in double_scalars (AATS3Z)
AATS4Z,mobley_1893815,invalid value encountered in double_scalars (AATS4Z)
AATS5Z,mobley_2410897,invalid value encountered in double_scalars (AATS5Z)
AATS6Z,mobley_5852491,invalid value encountered in double_scalars (AATS6Z)
AATS7Z,mobley_5852491,invalid value encountered in double_scalars (AATS7Z)
AATS8Z,mobley_5852491,invalid value encountered in double_scalars (AATS8Z)
AATS3dv,mobley_664966,invalid value encountered in double_scalars (AATS3dv/GSum3_prop)
AATS4dv,mobley_1893815,invalid value encountered in double_scalars (AATS4dv/GSum4_prop)
AATS5dv,mobley_2410897,invalid value encountered in double_scalars (AATS5dv/GSum5_prop)
AATS6dv,mobley_5852491,invalid value encountered in double_scalars (AATS6dv/GSum6_prop)
AATS7dv,mobley_5852491,invalid value encountered in double_scalars (AATS7dv/GSum7_prop)
AATS8dv,mobley_5852491,invalid value encountered in double_scalars (AATS8dv/GSum8_prop)
AATS3p,mobley_664966,invalid value encountered in double_scalars (AATS3p)
AATS4p,mobley_1893815,invalid value encountered in double_scalars (AATS4p)
AATS5p,mobley_2410897,invalid value encountered in double_scalars (AATS5p)
AATS6p,mobley_5852491,invalid value encountered in double_scalars (AATS6p)
AATS7p,mobley_5852491,invalid value encountered in double_scalars (AATS7p)
AATS8p,mobley_5852491,invalid value encountered in double_scalars (AATS8p)
AATS0s,mobley_5631798,missing intrinsic state for ['N'] (ATS0s/Props)
AATS1s,mobley_5631798,missing intrinsic state for ['N'] (ATS0s/Props)
AATS2s,mobley_5631798,missing intrinsic state for ['N'] (ATS0s/Props)
AATS3s,mobley_664966,invalid value encountered in double_scalars (AATS3s)
AATS4s,mobley_1893815,invalid value encountered in double_scalars (AATS4s)
AATS5s,mobley_2410897,invalid value encountered in double_scalars (AATS5s)
AATS6s,mobley_5852491,invalid value encountered in double_scalars (AATS6s)
AATS7s,mobley_5852491,invalid value encountered in double_scalars (AATS7s)
AATS8s,mobley_5852491,invalid value encountered in double_scalars (AATS8s)
ATSC0s,mobley_5631798,missing intrinsic state for ['N'] (ATS0s/Props)
ATSC1s,mobley_5631798,missing intrinsic state for ['N'] (ATS0s/Props)
ATSC2s,mobley_5631798,missing intrinsic state for ['N'] (ATS0s/Props)
ATSC3s,mobley_5631798,missing intrinsic state for ['N'] (ATS0s/Props)
ATSC4s,mobley_5631798,missing intrinsic state for ['N'] (ATS0s/Props)
ATSC5s,mobley_5631798,missing intrinsic state for ['N'] (ATS0s/Props)
ATSC6s,mobley_5631798,missing intrinsic state for ['N'] (ATS0s/Props)
ATSC7s,mobley_5631798,missing intrinsic state for ['N'] (ATS0s/Props)
ATSC8s,mobley_5631798,missing intrinsic state for ['N'] (ATS0s/Props)
AATSC3m,mobley_664966,invalid value encountered in double_scalars (AATSC3m)
AATSC4m,mobley_1893815,invalid value encountered in double_scalars (AATSC4m)
AATSC5m,mobley_2410897,invalid value encountered in double_scalars (AATSC5m)
AATSC6m,mobley_5852491,invalid value encountered in double_scalars (AATSC6m)
AATSC7m,mobley_5852491,invalid value encountered in double_scalars (AATSC7m)
AATSC8m,mobley_5852491,invalid value encountered in double_scalars (AATSC8m)
AATSC3c,mobley_664966,invalid value encountered in double_scalars (AATSC3c)
AATSC4c,mobley_1893815,invalid value encountered in double_scalars (AATSC4c)
AATSC5c,mobley_2410897,invalid value encountered in double_scalars (AATSC5c)
AATSC6c,mobley_5852491,invalid value encountered in double_scalars (AATSC6c)
AATSC7c,mobley_5852491,invalid value encountered in double_scalars (AATSC7c)
AATSC8c,mobley_5852491,invalid value encountered in double_scalars (AATSC8c)
AATSC3i,mobley_664966,invalid value encountered in double_scalars (AATSC3i)
AATSC4i,mobley_1893815,invalid value encountered in double_scalars (AATSC4i)
AATSC5i,mobley_2410897,invalid value encountered in double_scalars (AATSC5i)
AATSC6i,mobley_5852491,invalid value encountered in double_scalars (AATSC6i)
AATSC7i,mobley_5852491,invalid value encountered in double_scalars (AATSC7i)
AATSC8i,mobley_5852491,invalid value encountered in double_scalars (AATSC8i)
AATSC3pe,mobley_664966,invalid value encountered in double_scalars (AATSC3pe)
AATSC4pe,mobley_1893815,invalid value encountered in double_scalars (AATSC4pe)
AATSC5pe,mobley_2410897,invalid value encountered in double_scalars (AATSC5pe)
AATSC6pe,mobley_5852491,invalid value encountered in double_scalars (AATSC6pe)
AATSC7pe,mobley_5852491,invalid value encountered in double_scalars (AATSC7pe)
AATSC8pe,mobley_5852491,invalid value encountered in double_scalars (AATSC8pe)
AATSC3v,mobley_664966,invalid value encountered in double_scalars (AATSC3v)
AATSC4v,mobley_1893815,invalid value encountered in double_scalars (AATSC4v)
AATSC5v,mobley_2410897,invalid value encountered in double_scalars (AATSC5v)
AATSC6v,mobley_5852491,invalid value encountered in double_scalars (AATSC6v)
AATSC7v,mobley_5852491,invalid value encountered in double_scalars (AATSC7v)
AATSC8v,mobley_5852491,invalid value encountered in double_scalars (AATSC8v)
AATSC3se,mobley_664966,invalid value encountered in double_scalars (AATSC3se)
AATSC4se,mobley_1893815,invalid value encountered in double_scalars (AATSC4se)
AATSC5se,mobley_2410897,invalid value encountered in double_scalars (AATSC5se)
AATSC6se,mobley_5852491,invalid value encountered in double_scalars (AATSC6se)
AATSC7se,mobley_5852491,invalid value encountered in double_scalars (AATSC7se)
AATSC8se,mobley_5852491,invalid value encountered in double_scalars (AATSC8se)
AATSC3d,mobley_664966,invalid value encountered in double_scalars (AATSC3d)
AATSC4d,mobley_1893815,invalid value encountered in double_scalars (AATSC4d)
AATSC5d,mobley_2410897,invalid value encountered in double_scalars (AATSC5d)
AATSC6d,mobley_5852491,invalid value encountered in double_scalars (AATSC6d)
AATSC7d,mobley_5852491,invalid value encountered in double_scalars (AATSC7d)
AATSC8d,mobley_5852491,invalid value encountered in double_scalars (AATSC8d)
AATSC3are,mobley_664966,invalid value encountered in double_scalars (AATSC3are)
AATSC4are,mobley_1893815,invalid value encountered in double_scalars (AATSC4are)
AATSC5are,mobley_2410897,invalid value encountered in double_scalars (AATSC5are)
AATSC6are,mobley_5852491,invalid value encountered in double_scalars (AATSC6are)
AATSC7are,mobley_5852491,invalid value encountered in double_scalars (AATSC7are)
AATSC8are,mobley_5852491,invalid value encountered in double_scalars (AATSC8are)
AATSC3Z,mobley_664966,invalid value encountered in double_scalars (AATSC3Z)
AATSC4Z,mobley_1893815,invalid value encountered in double_scalars (AATSC4Z)
AATSC5Z,mobley_2410897,invalid value encountered in double_scalars (AATSC5Z)
AATSC6Z,mobley_5852491,invalid value encountered in double_scalars (AATSC6Z)
AATSC7Z,mobley_5852491,invalid value encountered in double_scalars (AATSC7Z)
AATSC8Z,mobley_5852491,invalid value encountered in double_scalars (AATSC8Z)
AATSC3dv,mobley_664966,invalid value encountered in double_scalars (AATSC3dv)
AATSC4dv,mobley_1893815,invalid value encountered in double_scalars (AATSC4dv)
AATSC5dv,mobley_2410897,invalid value encountered in double_scalars (AATSC5dv)
AATSC6dv,mobley_5852491,invalid value encountered in double_scalars (AATSC6dv)
AATSC7dv,mobley_5852491,invalid value encountered in double_scalars (AATSC7dv)
AATSC8dv,mobley_5852491,invalid value encountered in double_scalars (AATSC8dv)
AATSC3p,mobley_664966,invalid value encountered in double_scalars (AATSC3p)
AATSC4p,mobley_1893815,invalid value encountered in double_scalars (AATSC4p)
AATSC5p,mobley_2410897,invalid value encountered in double_scalars (AATSC5p)
AATSC6p,mobley_5852491,invalid value encountered in double_scalars (AATSC6p)
AATSC7p,mobley_5852491,invalid value encountered in double_scalars (AATSC7p)
AATSC8p,mobley_5852491,invalid value encountered in double_scalars (AATSC8p)
AATSC0s,mobley_5631798,missing intrinsic state for ['N'] (ATS0s/Props)
AATSC1s,mobley_5631798,missing intrinsic state for ['N'] (ATS0s/Props)
AATSC2s,mobley_5631798,missing intrinsic state for ['N'] (ATS0s/Props)
AATSC3s,mobley_664966,invalid value encountered in double_scalars (AATSC3s)
AATSC4s,mobley_1893815,invalid value encountered in double_scalars (AATSC4s)
AATSC5s,mobley_2410897,invalid value encountered in double_scalars (AATSC5s)
AATSC6s,mobley_5852491,invalid value encountered in double_scalars (AATSC6s)
AATSC7s,mobley_5852491,invalid value encountered in double_scalars (AATSC7s)
AATSC8s,mobley_5852491,invalid value encountered in double_scalars (AATSC8s)
MATS3m,mobley_664966,invalid value encountered in double_scalars (AATSC3m)
MATS4m,mobley_1893815,invalid value encountered in double_scalars (AATSC4m)
MATS5m,mobley_2410897,invalid value encountered in double_scalars (AATSC5m)
MATS6m,mobley_5852491,invalid value encountered in double_scalars (AATSC6m)
MATS7m,mobley_5852491,invalid value encountered in double_scalars (AATSC7m)
MATS8m,mobley_5852491,invalid value encountered in double_scalars (AATSC8m)
MATS3c,mobley_664966,invalid value encountered in double_scalars (AATSC3c)
MATS4c,mobley_1893815,invalid value encountered in double_scalars (AATSC4c)
MATS5c,mobley_2410897,invalid value encountered in double_scalars (AATSC5c)
MATS6c,mobley_5852491,invalid value encountered in double_scalars (AATSC6c)
MATS7c,mobley_5852491,invalid value encountered in double_scalars (AATSC7c)
MATS8c,mobley_5852491,invalid value encountered in double_scalars (AATSC8c)
MATS3i,mobley_664966,invalid value encountered in double_scalars (AATSC3i)
MATS4i,mobley_1893815,invalid value encountered in double_scalars (AATSC4i)
MATS5i,mobley_2410897,invalid value encountered in double_scalars (AATSC5i)
MATS6i,mobley_5852491,invalid value encountered in double_scalars (AATSC6i)
MATS7i,mobley_5852491,invalid value encountered in double_scalars (AATSC7i)
MATS8i,mobley_5852491,invalid value encountered in double_scalars (AATSC8i)
MATS3pe,mobley_664966,invalid value encountered in double_scalars (AATSC3pe)
MATS4pe,mobley_1893815,invalid value encountered in double_scalars (AATSC4pe)
MATS5pe,mobley_2410897,invalid value encountered in double_scalars (AATSC5pe)
MATS6pe,mobley_5852491,invalid value encountered in double_scalars (AATSC6pe)
MATS7pe,mobley_5852491,invalid value encountered in double_scalars (AATSC7pe)
MATS8pe,mobley_5852491,invalid value encountered in double_scalars (AATSC8pe)
MATS3v,mobley_664966,invalid value encountered in double_scalars (AATSC3v)
MATS4v,mobley_1893815,invalid value encountered in double_scalars (AATSC4v)
MATS5v,mobley_2410897,invalid value encountered in double_scalars (AATSC5v)
MATS6v,mobley_5852491,invalid value encountered in double_scalars (AATSC6v)
MATS7v,mobley_5852491,invalid value encountered in double_scalars (AATSC7v)
MATS8v,mobley_5852491,invalid value encountered in double_scalars (AATSC8v)
MATS3se,mobley_664966,invalid value encountered in double_scalars (AATSC3se)
MATS4se,mobley_1893815,invalid value encountered in double_scalars (AATSC4se)
MATS5se,mobley_2410897,invalid value encountered in double_scalars (AATSC5se)
MATS6se,mobley_5852491,invalid value encountered in double_scalars (AATSC6se)
MATS7se,mobley_5852491,invalid value encountered in double_scalars (AATSC7se)
MATS8se,mobley_5852491,invalid value encountered in double_scalars (AATSC8se)
MATS1d,mobley_2008055,invalid value encountered in double_scalars (MATS1d)
MATS2d,mobley_2008055,invalid value encountered in double_scalars (MATS2d)
MATS3d,mobley_2008055,invalid value encountered in double_scalars (MATS3d)
MATS4d,mobley_1893815,invalid value encountered in double_scalars (AATSC4d)
MATS5d,mobley_2410897,invalid value encountered in double_scalars (AATSC5d)
MATS6d,mobley_5852491,invalid value encountered in double_scalars (AATSC6d)
MATS7d,mobley_5852491,invalid value encountered in double_scalars (AATSC7d)
MATS8d,mobley_5852491,invalid value encountered in double_scalars (AATSC8d)
MATS3are,mobley_664966,invalid value encountered in double_scalars (AATSC3are)
MATS4are,mobley_1893815,invalid value encountered in double_scalars (AATSC4are)
MATS5are,mobley_2410897,invalid value encountered in double_scalars (AATSC5are)
MATS6are,mobley_5852491,invalid value encountered in double_scalars (AATSC6are)
MATS7are,mobley_5852491,invalid value encountered in double_scalars (AATSC7are)
MATS8are,mobley_5852491,invalid value encountered in double_scalars (AATSC8are)
MATS3Z,mobley_664966,invalid value encountered in double_scalars (AATSC3Z)
MATS4Z,mobley_1893815,invalid value encountered in double_scalars (AATSC4Z)
MATS5Z,mobley_2410897,invalid value encountered in double_scalars (AATSC5Z)
MATS6Z,mobley_5852491,invalid value encountered in double_scalars (AATSC6Z)
MATS7Z,mobley_5852491,invalid value encountered in double_scalars (AATSC7Z)
MATS8Z,mobley_5852491,invalid value encountered in double_scalars (AATSC8Z)
MATS1dv,mobley_9055303,invalid value encountered in double_scalars (MATS1dv)
MATS2dv,mobley_9055303,invalid value encountered in double_scalars (MATS2dv)
MATS3dv,mobley_664966,invalid value encountered in double_scalars (AATSC3dv)
MATS4dv,mobley_1893815,invalid value encountered in double_scalars (AATSC4dv)
MATS5dv,mobley_2410897,invalid value encountered in double_scalars (AATSC5dv)
MATS6dv,mobley_5852491,invalid value encountered in double_scalars (AATSC6dv)
MATS7dv,mobley_5852491,invalid value encountered in double_scalars (AATSC7dv)
MATS8dv,mobley_5852491,invalid value encountered in double_scalars (AATSC8dv)
MATS3p,mobley_664966,invalid value encountered in double_scalars (AATSC3p)
MATS4p,mobley_1893815,invalid value encountered in double_scalars (AATSC4p)
MATS5p,mobley_2410897,invalid value encountered in double_scalars (AATSC5p)
MATS6p,mobley_5852491,invalid value encountered in double_scalars (AATSC6p)
MATS7p,mobley_5852491,invalid value encountered in double_scalars (AATSC7p)
MATS8p,mobley_5852491,invalid value encountered in double_scalars (AATSC8p)
MATS1s,mobley_5631798,missing intrinsic state for ['N'] (ATS0s/Props)
MATS2s,mobley_5631798,missing intrinsic state for ['N'] (ATS0s/Props)
MATS3s,mobley_664966,invalid value encountered in double_scalars (AATSC3s)
MATS4s,mobley_1893815,invalid value encountered in double_scalars (AATSC4s)
MATS5s,mobley_2410897,invalid value encountered in double_scalars (AATSC5s)
MATS6s,mobley_5852491,invalid value encountered in double_scalars (AATSC6s)
MATS7s,mobley_5852491,invalid value encountered in double_scalars (AATSC7s)
MATS8s,mobley_5852491,invalid value encountered in double_scalars (AATSC8s)
GATS3m,mobley_664966,invalid value encountered in double_scalars (GATS3m)
GATS4m,mobley_1893815,invalid value encountered in double_scalars (GATS4m)
GATS5m,mobley_2410897,invalid value encountered in double_scalars (GATS5m)
GATS6m,mobley_5852491,invalid value encountered in double_scalars (GATS6m)
GATS7m,mobley_5852491,invalid value encountered in double_scalars (GATS7m)
GATS8m,mobley_5852491,invalid value encountered in double_scalars (GATS8m)
GATS3c,mobley_664966,invalid value encountered in double_scalars (GATS3c)
GATS4c,mobley_1893815,invalid value encountered in double_scalars (GATS4c)
GATS5c,mobley_2410897,invalid value encountered in double_scalars (GATS5c)
GATS6c,mobley_5852491,invalid value encountered in double_scalars (GATS6c)
GATS7c,mobley_5852491,invalid value encountered in double_scalars (GATS7c)
GATS8c,mobley_5852491,invalid value encountered in double_scalars (GATS8c)
GATS3i,mobley_664966,invalid value encountered in double_scalars (GATS3i)
GATS4i,mobley_1893815,invalid value encountered in double_scalars (GATS4i)
GATS5i,mobley_2410897,invalid value encountered in double_scalars (GATS5i)
GATS6i,mobley_5852491,invalid value encountered in double_scalars (GATS6i)
GATS7i,mobley_5852491,invalid value encountered in double_scalars (GATS7i)
GATS8i,mobley_5852491,invalid value encountered in double_scalars (GATS8i)
GATS3pe,mobley_664966,invalid value encountered in double_scalars (GATS3pe)
GATS4pe,mobley_1893815,invalid value encountered in double_scalars (GATS4pe)
GATS5pe,mobley_2410897,invalid value encountered in double_scalars (GATS5pe)
GATS6pe,mobley_5852491,invalid value encountered in double_scalars (GATS6pe)
GATS7pe,mobley_5852491,invalid value encountered in double_scalars (GATS7pe)
GATS8pe,mobley_5852491,invalid value encountered in double_scalars (GATS8pe)
GATS3v,mobley_664966,invalid value encountered in double_scalars (GATS3v)
GATS4v,mobley_1893815,invalid value encountered in double_scalars (GATS4v)
GATS5v,mobley_2410897,invalid value encountered in double_scalars (GATS5v)
GATS6v,mobley_5852491,invalid value encountered in double_scalars (GATS6v)
GATS7v,mobley_5852491,invalid value encountered in double_scalars (GATS7v)
GATS8v,mobley_5852491,invalid value encountered in double_scalars (GATS8v)
GATS3se,mobley_664966,invalid value encountered in double_scalars (GATS3se)
GATS4se,mobley_1893815,invalid value encountered in double_scalars (GATS4se)
GATS5se,mobley_2410897,invalid value encountered in double_scalars (GATS5se)
GATS6se,mobley_5852491,invalid value encountered in double_scalars (GATS6se)
GATS7se,mobley_5852491,invalid value encountered in double_scalars (GATS7se)
GATS8se,mobley_5852491,invalid value encountered in double_scalars (GATS8se)
GATS1d,mobley_2008055,invalid value encountered in double_scalars (GATS1d)
GATS2d,mobley_2008055,invalid value encountered in double_scalars (GATS2d)
GATS3d,mobley_2008055,invalid value encountered in double_scalars (GATS3d)
GATS4d,mobley_1893815,invalid value encountered in double_scalars (GATS4d)
GATS5d,mobley_2410897,invalid value encountered in double_scalars (GATS5d)
GATS6d,mobley_5852491,invalid value encountered in double_scalars (GATS6d)
GATS7d,mobley_5852491,invalid value encountered in double_scalars (GATS7d)
GATS8d,mobley_5852491,invalid value encountered in double_scalars (GATS8d)
GATS3are,mobley_664966,invalid value encountered in double_scalars (GATS3are)
GATS4are,mobley_1893815,invalid value encountered in double_scalars (GATS4are)
GATS5are,mobley_2410897,invalid value encountered in double_scalars (GATS5are)
GATS6are,mobley_5852491,invalid value encountered in double_scalars (GATS6are)
GATS7are,mobley_5852491,invalid value encountered in double_scalars (GATS7are)
GATS8are,mobley_5852491,invalid value encountered in double_scalars (GATS8are)
GATS3Z,mobley_664966,invalid value encountered in double_scalars (GATS3Z)
GATS4Z,mobley_1893815,invalid value encountered in double_scalars (GATS4Z)
GATS5Z,mobley_2410897,invalid value encountered in double_scalars (GATS5Z)
GATS6Z,mobley_5852491,invalid value encountered in double_scalars (GATS6Z)
GATS7Z,mobley_5852491,invalid value encountered in double_scalars (GATS7Z)
GATS8Z,mobley_5852491,invalid value encountered in double_scalars (GATS8Z)
GATS1dv,mobley_9055303,invalid value encountered in double_scalars (GATS1dv)
GATS2dv,mobley_9055303,invalid value encountered in double_scalars (GATS2dv)
GATS3dv,mobley_664966,invalid value encountered in double_scalars (GATS3dv)
GATS4dv,mobley_1893815,invalid value encountered in double_scalars (GATS4dv)
GATS5dv,mobley_2410897,invalid value encountered in double_scalars (GATS5dv)
GATS6dv,mobley_5852491,invalid value encountered in double_scalars (GATS6dv)
GATS7dv,mobley_5852491,invalid value encountered in double_scalars (GATS7dv)
GATS8dv,mobley_5852491,invalid value encountered in double_scalars (GATS8dv)
GATS3p,mobley_664966,invalid value encountered in double_scalars (GATS3p)
GATS4p,mobley_1893815,invalid value encountered in double_scalars (GATS4p)
GATS5p,mobley_2410897,invalid value encountered in double_scalars (GATS5p)
GATS6p,mobley_5852491,invalid value encountered in double_scalars (GATS6p)
GATS7p,mobley_5852491,invalid value encountered in double_scalars (GATS7p)
GATS8p,mobley_5852491,invalid value encountered in double_scalars (GATS8p)
GATS1s,mobley_5631798,missing intrinsic state for ['N'] (ATS0s/Props)
GATS2s,mobley_5631798,missing intrinsic state for ['N'] (ATS0s/Props)
GATS3s,mobley_664966,invalid value encountered in double_scalars (GATS3s)
GATS4s,mobley_1893815,invalid value encountered in double_scalars (GATS4s)
GATS5s,mobley_2410897,invalid value encountered in double_scalars (GATS5s)
GATS6s,mobley_5852491,invalid value encountered in double_scalars (GATS6s)
GATS7s,mobley_5852491,invalid value encountered in double_scalars (GATS7s)
GATS8s,mobley_5852491,invalid value encountered in double_scalars (GATS8s)
BCUTs-1h,mobley_5631798,missing intrinsic state for ['N'] (BCUTs-1h/mordred.BCUT.BurdenEigenValues('s')/Props)
BCUTs-1l,mobley_5631798,missing intrinsic state for ['N'] (BCUTs-1h/mordred.BCUT.BurdenEigenValues('s')/Props)
VR3_Dzm,mobley_5631798,divide by zero encountered in log (VR3_Dzm/VR3)
VR3_Dzi,mobley_5631798,divide by zero encountered in log (VR3_Dzi/VR3)
VR3_Dzpe,mobley_5631798,divide by zero encountered in log (VR3_Dzpe/VR3)
VR3_Dzv,mobley_5631798,divide by zero encountered in log (VR3_Dzv/VR3)
VR3_Dzse,mobley_5631798,divide by zero encountered in log (VR3_Dzse/VR3)
VR3_Dzare,mobley_5631798,divide by zero encountered in log (VR3_Dzare/VR3)
VR3_DzZ,mobley_5631798,divide by zero encountered in log (VR3_DzZ/VR3)
VR3_Dzp,mobley_5631798,divide by zero encountered in log (VR3_Dzp/VR3)
HybRatio,mobley_5631798,there are no sp3 and sp2 carbons (HybRatio)
Xp-0d,mobley_5631798,some properties less then or equal to 0 (Xp-0d)
AXp-0d,mobley_5631798,some properties less then or equal to 0 (AXp-0d)
AXp-1d,mobley_5631798,float division by zero (AXp-1d)
AXp-2d,mobley_2008055,float division by zero (AXp-2d)
AXp-3d,mobley_2410897,float division by zero (AXp-3d)
AXp-4d,mobley_9838013,float division by zero (AXp-4d)
AXp-5d,mobley_9838013,float division by zero (AXp-5d)
AXp-6d,mobley_5852491,float division by zero (AXp-6d)
AXp-7d,mobley_5852491,float division by zero (AXp-7d)
Xp-0dv,mobley_9055303,some properties less then or equal to 0 (Xp-0dv)
AXp-0dv,mobley_9055303,some properties less then or equal to 0 (AXp-0dv)
AXp-1dv,mobley_5631798,float division by zero (AXp-1dv)
AXp-2dv,mobley_2008055,float division by zero (AXp-2dv)
AXp-3dv,mobley_2410897,float division by zero (AXp-3dv)
AXp-4dv,mobley_9838013,float division by zero (AXp-4dv)
AXp-5dv,mobley_9838013,float division by zero (AXp-5dv)
AXp-6dv,mobley_5852491,float division by zero (AXp-6dv)
AXp-7dv,mobley_5852491,float division by zero (AXp-7dv)
SpAbs_Dt,mobley_5852491,module 'networkx' has no attribute 'biconnected_component_subgraphs' (SpAbs_Dt/SpAbs/mordred._matrix_attributes.Eigen(mordred.DetourMatrix.DetourMatrixCache())/mordred.DetourMatrix.DetourMatrixCache())
SpMax_Dt,mobley_5852491,module 'networkx' has no attribute 'biconnected_component_subgraphs' (SpAbs_Dt/SpAbs/mordred._matrix_attributes.Eigen(mordred.DetourMatrix.DetourMatrixCache())/mordred.DetourMatrix.DetourMatrixCache())
SpDiam_Dt,mobley_5852491,module 'networkx' has no attribute 'biconnected_component_subgraphs' (SpAbs_Dt/SpAbs/mordred._matrix_attributes.Eigen(mordred.DetourMatrix.DetourMatrixCache())/mordred.DetourMatrix.DetourMatrixCache())
SpAD_Dt,mobley_5852491,module 'networkx' has no attribute 'biconnected_component_subgraphs' (SpAbs_Dt/SpAbs/mordred._matrix_attributes.Eigen(mordred.DetourMatrix.DetourMatrixCache())/mordred.DetourMatrix.DetourMatrixCache())
SpMAD_Dt,mobley_5852491,module 'networkx' has no attribute 'biconnected_component_subgraphs' (SpAbs_Dt/SpAbs/mordred._matrix_attributes.Eigen(mordred.DetourMatrix.DetourMatrixCache())/mordred.DetourMatrix.DetourMatrixCache())
LogEE_Dt,mobley_5852491,module 'networkx' has no attribute 'biconnected_component_subgraphs' (SpAbs_Dt/SpAbs/mordred._matrix_attributes.Eigen(mordred.DetourMatrix.DetourMatrixCache())/mordred.DetourMatrix.DetourMatrixCache())
SM1_Dt,mobley_5852491,module 'networkx' has no attribute 'biconnected_component_subgraphs' (SpAbs_Dt/SpAbs/mordred._matrix_attributes.Eigen(mordred.DetourMatrix.DetourMatrixCache())/mordred.DetourMatrix.DetourMatrixCache())
VE1_Dt,mobley_5852491,module 'networkx' has no attribute 'biconnected_component_subgraphs' (SpAbs_Dt/SpAbs/mordred._matrix_attributes.Eigen(mordred.DetourMatrix.DetourMatrixCache())/mordred.DetourMatrix.DetourMatrixCache())
VE2_Dt,mobley_5852491,module 'networkx' has no attribute 'biconnected_component_subgraphs' (SpAbs_Dt/SpAbs/mordred._matrix_attributes.Eigen(mordred.DetourMatrix.DetourMatrixCache())/mordred.DetourMatrix.DetourMatrixCache())
VE3_Dt,mobley_5852491,module 'networkx' has no attribute 'biconnected_component_subgraphs' (SpAbs_Dt/SpAbs/mordred._matrix_attributes.Eigen(mordred.DetourMatrix.DetourMatrixCache())/mordred.DetourMatrix.DetourMatrixCache())
VR1_Dt,mobley_5852491,module 'networkx' has no attribute 'biconnected_component_subgraphs' (SpAbs_Dt/SpAbs/mordred._matrix_attributes.Eigen(mordred.DetourMatrix.DetourMatrixCache())/mordred.DetourMatrix.DetourMatrixCache())
VR2_Dt,mobley_5852491,module 'networkx' has no attribute 'biconnected_component_subgraphs' (SpAbs_Dt/SpAbs/mordred._matrix_attributes.Eigen(mordred.DetourMatrix.DetourMatrixCache())/mordred.DetourMatrix.DetourMatrixCache())
VR3_Dt,mobley_5852491,module 'networkx' has no attribute 'biconnected_component_subgraphs' (SpAbs_Dt/SpAbs/mordred._matrix_attributes.Eigen(mordred.DetourMatrix.DetourMatrixCache())/mordred.DetourMatrix.DetourMatrixCache())
DetourIndex,mobley_5852491,module 'networkx' has no attribute 'biconnected_component_subgraphs' (SpAbs_Dt/SpAbs/mordred._matrix_attributes.Eigen(mordred.DetourMatrix.DetourMatrixCache())/mordred.DetourMatrix.DetourMatrixCache())
VR3_D,mobley_5631798,divide by zero encountered in log (VR3_D/VR3)
MAXsLi,mobley_5852491,max() arg is an empty sequence (MAXsLi)
MAXssBe,mobley_5852491,max() arg is an empty sequence (MAXssBe)
MAXssssBe,mobley_5852491,max() arg is an empty sequence (MAXssssBe)
MAXssBH,mobley_5852491,max() arg is an empty sequence (MAXssBH)
MAXsssB,mobley_5852491,max() arg is an empty sequence (MAXsssB)
MAXssssB,mobley_5852491,max() arg is an empty sequence (MAXssssB)
MAXsCH3,mobley_1893815,max() arg is an empty sequence (MAXsCH3)
MAXdCH2,mobley_5852491,max() arg is an empty sequence (MAXdCH2)
MAXssCH2,mobley_2008055,max() arg is an empty sequence (MAXssCH2)
MAXtCH,mobley_5852491,max() arg is an empty sequence (MAXtCH)
MAXdsCH,mobley_5852491,max() arg is an empty sequence (MAXdsCH)
MAXaaCH,mobley_5852491,max() arg is an empty sequence (MAXaaCH)
MAXsssCH,mobley_9838013,max() arg is an empty sequence (MAXsssCH)
MAXddC,mobley_5852491,max() arg is an empty sequence (MAXddC)
MAXtsC,mobley_5852491,max() arg is an empty sequence (MAXtsC)
MAXdssC,mobley_5852491,max() arg is an empty sequence (MAXdssC)
MAXaasC,mobley_5852491,max() arg is an empty sequence (MAXaasC)
MAXaaaC,mobley_5852491,max() arg is an empty sequence (MAXaaaC)
MAXssssC,mobley_5852491,max() arg is an empty sequence (MAXssssC)
MAXsNH3,mobley_5852491,max() arg is an empty sequence (MAXsNH3)
MAXsNH2,mobley_5852491,max() arg is an empty sequence (MAXsNH2)
MAXssNH2,mobley_5852491,max() arg is an empty sequence (MAXssNH2)
MAXdNH,mobley_5852491,max() arg is an empty sequence (MAXdNH)
MAXssNH,mobley_5852491,max() arg is an empty sequence (MAXssNH)
MAXaaNH,mobley_5852491,max() arg is an empty sequence (MAXaaNH)
MAXtN,mobley_5852491,max() arg is an empty sequence (MAXtN)
MAXsssNH,mobley_5852491,max() arg is an empty sequence (MAXsssNH)
MAXdsN,mobley_5852491,max() arg is an empty sequence (MAXdsN)
MAXaaN,mobley_5852491,max() arg is an empty sequence (MAXaaN)
MAXsssN,mobley_5852491,max() arg is an empty sequence (MAXsssN)
MAXddsN,mobley_5852491,max() arg is an empty sequence (MAXddsN)
MAXaasN,mobley_5852491,max() arg is an empty sequence (MAXaasN)
MAXssssN,mobley_5852491,max() arg is an empty sequence (MAXssssN)
MAXsOH,mobley_5852491,max() arg is an empty sequence (MAXsOH)
MAXdO,mobley_5852491,max() arg is an empty sequence (MAXdO)
MAXssO,mobley_5852491,max() arg is an empty sequence (MAXssO)
MAXaaO,mobley_5852491,max() arg is an empty sequence (MAXaaO)
MAXsF,mobley_5852491,max() arg is an empty sequence (MAXsF)
MAXsSiH3,mobley_5852491,max() arg is an empty sequence (MAXsSiH3)
MAXssSiH2,mobley_5852491,max() arg is an empty sequence (MAXssSiH2)
MAXsssSiH,mobley_5852491,max() arg is an empty sequence (MAXsssSiH)
MAXssssSi,mobley_5852491,max() arg is an empty sequence (MAXssssSi)
MAXsPH2,mobley_5852491,max() arg is an empty sequence (MAXsPH2)
MAXssPH,mobley_5852491,max() arg is an empty sequence (MAXssPH)
MAXsssP,mobley_5852491,max() arg is an empty sequence (MAXsssP)
MAXdsssP,mobley_5852491,max() arg is an empty sequence (MAXdsssP)
MAXsssssP,mobley_5852491,max() arg is an empty sequence (MAXsssssP)
MAXsSH,mobley_5852491,max() arg is an empty sequence (MAXsSH)
MAXdS,mobley_5852491,max() arg is an empty sequence (MAXdS)
MAXssS,mobley_5852491,max() arg is an empty sequence (MAXssS)
MAXaaS,mobley_5852491,max() arg is an empty sequence (MAXaaS)
MAXdssS,mobley_5852491,max() arg is an empty sequence (MAXdssS)
MAXddssS,mobley_5852491,max() arg is an empty sequence (MAXddssS)
MAXsCl,mobley_5852491,max() arg is an empty sequence (MAXsCl)
MAXsGeH3,mobley_5852491,max() arg is an empty sequence (MAXsGeH3)
MAXssGeH2,mobley_5852491,max() arg is an empty sequence (MAXssGeH2)
MAXsssGeH,mobley_5852491,max() arg is an empty sequence (MAXsssGeH)
MAXssssGe,mobley_5852491,max() arg is an empty sequence (MAXssssGe)
MAXsAsH2,mobley_5852491,max() arg is an empty sequence (MAXsAsH2)
MAXssAsH,mobley_5852491,max() arg is an empty sequence (MAXssAsH)
MAXsssAs,mobley_5852491,max() arg is an empty sequence (MAXsssAs)
MAXsssdAs,mobley_5852491,max() arg is an empty sequence (MAXsssdAs)
MAXsssssAs,mobley_5852491,max() arg is an empty sequence (MAXsssssAs)
MAXsSeH,mobley_5852491,max() arg is an empty sequence (MAXsSeH)
MAXdSe,mobley_5852491,max() arg is an empty sequence (MAXdSe)
MAXssSe,mobley_5852491,max() arg is an empty sequence (MAXssSe)
MAXaaSe,mobley_5852491,max() arg is an empty sequence (MAXaaSe)
MAXdssSe,mobley_5852491,max() arg is an empty sequence (MAXdssSe)
MAXddssSe,mobley_5852491,max() arg is an empty sequence (MAXddssSe)
MAXsBr,mobley_5852491,max() arg is an empty sequence (MAXsBr)
MAXsSnH3,mobley_5852491,max() arg is an empty sequence (MAXsSnH3)
MAXssSnH2,mobley_5852491,max() arg is an empty sequence (MAXssSnH2)
MAXsssSnH,mobley_5852491,max() arg is an empty sequence (MAXsssSnH)
MAXssssSn,mobley_5852491,max() arg is an empty sequence (MAXssssSn)
MAXsI,mobley_5852491,max() arg is an empty sequence (MAXsI)
MAXsPbH3,mobley_5852491,max() arg is an empty sequence (MAXsPbH3)
MAXssPbH2,mobley_5852491,max() arg is an empty sequence (MAXssPbH2)
MAXsssPbH,mobley_5852491,max() arg is an empty sequence (MAXsssPbH)
MAXssssPb,mobley_5852491,max() arg is an empty sequence (MAXssssPb)
MINsLi,mobley_5852491,min() arg is an empty sequence (MINsLi)
MINssBe,mobley_5852491,min() arg is an empty sequence (MINssBe)
MINssssBe,mobley_5852491,min() arg is an empty sequence (MINssssBe)
MINssBH,mobley_5852491,min() arg is an empty sequence (MINssBH)
MINsssB,mobley_5852491,min() arg is an empty sequence (MINsssB)
MINssssB,mobley_5852491,min() arg is an empty sequence (MINssssB)
MINsCH3,mobley_1893815,min() arg is an empty sequence (MINsCH3)
MINdCH2,mobley_5852491,min() arg is an empty sequence (MINdCH2)
MINssCH2,mobley_2008055,min() arg is an empty sequence (MINssCH2)
MINtCH,mobley_5852491,min() arg is an empty sequence (MINtCH)
MINdsCH,mobley_5852491,min() arg is an empty sequence (MINdsCH)
MINaaCH,mobley_5852491,min() arg is an empty sequence (MINaaCH)
MINsssCH,mobley_9838013,min() arg is an empty sequence (MINsssCH)
MINddC,mobley_5852491,min() arg is an empty sequence (MINddC)
MINtsC,mobley_5852491,min() arg is an empty sequence (MINtsC)
MINdssC,mobley_5852491,min() arg is an empty sequence (MINdssC)
MINaasC,mobley_5852491,min() arg is an empty sequence (MINaasC)
MINaaaC,mobley_5852491,min() arg is an empty sequence (MINaaaC)
MINssssC,mobley_5852491,min() arg is an empty sequence (MINssssC)
MINsNH3,mobley_5852491,min() arg is an empty sequence (MINsNH3)
MINsNH2,mobley_5852491,min() arg is an empty sequence (MINsNH2)
MINssNH2,mobley_5852491,min() arg is an empty sequence (MINssNH2)
MINdNH,mobley_5852491,min() arg is an empty sequence (MINdNH)
MINssNH,mobley_5852491,min() arg is an empty sequence (MINssNH)
MINaaNH,mobley_5852491,min() arg is an empty sequence (MINaaNH)
MINtN,mobley_5852491,min() arg is an empty sequence (MINtN)
MINsssNH,mobley_5852491,min() arg is an empty sequence (MINsssNH)
MINdsN,mobley_5852491,min() arg is an empty sequence (MINdsN)
MINaaN,mobley_5852491,min() arg is an empty sequence (MINaaN)
MINsssN,mobley_5852491,min() arg is an empty sequence (MINsssN)
MINddsN,mobley_5852491,min() arg is an empty sequence (MINddsN)
MINaasN,mobley_5852491,min() arg is an empty sequence (MINaasN)
MINssssN,mobley_5852491,min() arg is an empty sequence (MINssssN)
MINsOH,mobley_5852491,min() arg is an empty sequence (MINsOH)
MINdO,mobley_5852491,min() arg is an empty sequence (MINdO)
MINssO,mobley_5852491,min() arg is an empty sequence (MINssO)
MINaaO,mobley_5852491,min() arg is an empty sequence (MINaaO)
MINsF,mobley_5852491,min() arg is an empty sequence (MINsF)
MINsSiH3,mobley_5852491,min() arg is an empty sequence (MINsSiH3)
MINssSiH2,mobley_5852491,min() arg is an empty sequence (MINssSiH2)
MINsssSiH,mobley_5852491,min() arg is an empty sequence (MINsssSiH)
MINssssSi,mobley_5852491,min() arg is an empty sequence (MINssssSi)
MINsPH2,mobley_5852491,min() arg is an empty sequence (MINsPH2)
MINssPH,mobley_5852491,min() arg is an empty sequence (MINssPH)
MINsssP,mobley_5852491,min() arg is an empty sequence (MINsssP)
MINdsssP,mobley_5852491,min() arg is an empty sequence (MINdsssP)
MINsssssP,mobley_5852491,min() arg is an empty sequence (MINsssssP)
MINsSH,mobley_5852491,min() arg is an empty sequence (MINsSH)
MINdS,mobley_5852491,min() arg is an empty sequence (MINdS)
MINssS,mobley_5852491,min() arg is an empty sequence (MINssS)
MINaaS,mobley_5852491,min() arg is an empty sequence (MINaaS)
MINdssS,mobley_5852491,min() arg is an empty sequence (MINdssS)
MINddssS,mobley_5852491,min() arg is an empty sequence (MINddssS)
MINsCl,mobley_5852491,min() arg is an empty sequence (MINsCl)
MINsGeH3,mobley_5852491,min() arg is an empty sequence (MINsGeH3)
MINssGeH2,mobley_5852491,min() arg is an empty sequence (MINssGeH2)
MINsssGeH,mobley_5852491,min() arg is an empty sequence (MINsssGeH)
MINssssGe,mobley_5852491,min() arg is an empty sequence (MINssssGe)
MINsAsH2,mobley_5852491,min() arg is an empty sequence (MINsAsH2)
MINssAsH,mobley_5852491,min() arg is an empty sequence (MINssAsH)
MINsssAs,mobley_5852491,min() arg is an empty sequence (MINsssAs)
MINsssdAs,mobley_5852491,min() arg is an empty sequence (MINsssdAs)
MINsssssAs,mobley_5852491,min() arg is an empty sequence (MINsssssAs)
MINsSeH,mobley_5852491,min() arg is an empty sequence (MINsSeH)
MINdSe,mobley_5852491,min() arg is an empty sequence (MINdSe)
MINssSe,mobley_5852491,min() arg is an empty sequence (MINssSe)
MINaaSe,mobley_5852491,min() arg is an empty sequence (MINaaSe)
MINdssSe,mobley_5852491,min() arg is an empty sequence (MINdssSe)
MINddssSe,mobley_5852491,min() arg is an empty sequence (MINddssSe)
MINsBr,mobley_5852491,min() arg is an empty sequence (MINsBr)
MINsSnH3,mobley_5852491,min() arg is an empty sequence (MINsSnH3)
MINssSnH2,mobley_5852491,min() arg is an empty sequence (MINssSnH2)
MINsssSnH,mobley_5852491,min() arg is an empty sequence (MINsssSnH)
MINssssSn,mobley_5852491,min() arg is an empty sequence (MINssssSn)
MINsI,mobley_5852491,min() arg is an empty sequence (MINsI)
MINsPbH3,mobley_5852491,min() arg is an empty sequence (MINsPbH3)
MINssPbH2,mobley_5852491,min() arg is an empty sequence (MINssPbH2)
MINsssPbH,mobley_5852491,min() arg is an empty sequence (MINsssPbH)
MINssssPb,mobley_5852491,min() arg is an empty sequence (MINssssPb)
ETA_eta_B,mobley_5631798,single atom (ETA_eta_B)
AETA_eta_B,mobley_5631798,single atom (AETA_eta_B)
ETA_eta_BR,mobley_5631798,single atom (ETA_eta_BR/nRing/mordred.RingCount.Rings())
AETA_eta_BR,mobley_5631798,single atom (AETA_eta_BR)
GeomShapeIndex,mobley_9055303,invalid value encountered in double_scalars (GeomShapeIndex)
GeomPetitjeanIndex,mobley_9055303,invalid value encountered in double_scalars (GeomPetitjeanIndex)
GRAVH,mobley_5852491,divide by zero encountered in true_divide (GRAVH)
GRAVHp,mobley_5852491,"invalid value encountered in true_divide (GRAVHp/mordred._graph_matrix.AdjacencyMatrix(True, False, 1))"
Kier1,mobley_5631798,float division by zero (Kier1)
Kier2,mobley_2008055,float division by zero (Kier2)
Kier3,mobley_2410897,float division by zero (Kier3)
Mor02,mobley_5852491,invalid value encountered in true_divide (Mor02)
Mor03,mobley_5852491,invalid value encountered in true_divide (Mor03)
Mor04,mobley_5852491,invalid value encountered in true_divide (Mor04)
Mor05,mobley_5852491,invalid value encountered in true_divide (Mor05)
Mor06,mobley_5852491,invalid value encountered in true_divide (Mor06)
Mor07,mobley_5852491,invalid value encountered in true_divide (Mor07)
Mor08,mobley_5852491,invalid value encountered in true_divide (Mor08)
Mor09,mobley_5852491,invalid value encountered in true_divide (Mor09)
Mor10,mobley_5852491,invalid value encountered in true_divide (Mor10)
Mor11,mobley_5852491,invalid value encountered in true_divide (Mor11)
Mor12,mobley_5852491,invalid value encountered in true_divide (Mor12)
Mor13,mobley_5852491,invalid value encountered in true_divide (Mor13)
Mor14,mobley_5852491,invalid value encountered in true_divide (Mor14)
Mor15,mobley_5852491,invalid value encountered in true_divide (Mor15)
Mor16,mobley_5852491,invalid value encountered in true_divide (Mor16)
Mor17,mobley_5852491,invalid value encountered in true_divide (Mor17)
Mor18,mobley_5852491,invalid value encountered in true_divide (Mor18)
Mor19,mobley_5852491,invalid value encountered in true_divide (Mor19)
Mor20,mobley_5852491,invalid value encountered in true_divide (Mor20)
Mor21,mobley_5852491,invalid value encountered in true_divide (Mor21)
Mor22,mobley_5852491,invalid value encountered in true_divide (Mor22)
Mor23,mobley_5852491,invalid value encountered in true_divide (Mor23)
Mor24,mobley_5852491,invalid value encountered in true_divide (Mor24)
Mor25,mobley_5852491,invalid value encountered in true_divide (Mor25)
Mor26,mobley_5852491,invalid value encountered in true_divide (Mor26)
Mor27,mobley_5852491,invalid value encountered in true_divide (Mor27)
Mor28,mobley_5852491,invalid value encountered in true_divide (Mor28)
Mor29,mobley_5852491,invalid value encountered in true_divide (Mor29)
Mor30,mobley_5852491,invalid value encountered in true_divide (Mor30)
Mor31,mobley_5852491,invalid value encountered in true_divide (Mor31)
Mor32,mobley_5852491,invalid value encountered in true_divide (Mor32)
Mor02m,mobley_5852491,invalid value encountered in true_divide (Mor02m)
Mor03m,mobley_5852491,invalid value encountered in true_divide (Mor03m)
Mor04m,mobley_5852491,invalid value encountered in true_divide (Mor04m)
Mor05m,mobley_5852491,invalid value encountered in true_divide (Mor05m)
Mor06m,mobley_5852491,invalid value encountered in true_divide (Mor06m)
Mor07m,mobley_5852491,invalid value encountered in true_divide (Mor07m)
Mor08m,mobley_5852491,invalid value encountered in true_divide (Mor08m)
Mor09m,mobley_5852491,invalid value encountered in true_divide (Mor09m)
Mor10m,mobley_5852491,invalid value encountered in true_divide (Mor10m)
Mor11m,mobley_5852491,invalid value encountered in true_divide (Mor11m)
Mor12m,mobley_5852491,invalid value encountered in true_divide (Mor12m)
Mor13m,mobley_5852491,invalid value encountered in true_divide (Mor13m)
Mor14m,mobley_5852491,invalid value encountered in true_divide (Mor14m)
Mor15m,mobley_5852491,invalid value encountered in true_divide (Mor15m)
Mor16m,mobley_5852491,invalid value encountered in true_divide (Mor16m)
Mor17m,mobley_5852491,invalid value encountered in true_divide (Mor17m)
Mor18m,mobley_5852491,invalid value encountered in true_divide (Mor18m)
Mor19m,mobley_5852491,invalid value encountered in true_divide (Mor19m)
Mor20m,mobley_5852491,invalid value encountered in true_divide (Mor20m)
Mor21m,mobley_5852491,invalid value encountered in true_divide (Mor21m)
Mor22m,mobley_5852491,invalid value encountered in true_divide (Mor22m)
Mor23m,mobley_5852491,invalid value encountered in true_divide (Mor23m)
Mor24m,mobley_5852491,invalid value encountered in true_divide (Mor24m)
Mor25m,mobley_5852491,invalid value encountered in true_divide (Mor25m)
Mor26m,mobley_5852491,invalid value encountered in true_divide (Mor26m)
Mor27m,mobley_5852491,invalid value encountered in true_divide (Mor27m)
Mor28m,mobley_5852491,invalid value encountered in true_divide (Mor28m)
Mor29m,mobley_5852491,invalid value encountered in true_divide (Mor29m)
Mor30m,mobley_5852491,invalid value encountered in true_divide (Mor30m)
Mor31m,mobley_5852491,invalid value encountered in true_divide (Mor31m)
Mor32m,mobley_5852491,invalid value encountered in true_divide (Mor32m)
Mor02v,mobley_5852491,invalid value encountered in true_divide (Mor02v)
Mor03v,mobley_5852491,invalid value encountered in true_divide (Mor03v)
Mor04v,mobley_5852491,invalid value encountered in true_divide (Mor04v)
Mor05v,mobley_5852491,invalid value encountered in true_divide (Mor05v)
Mor06v,mobley_5852491,invalid value encountered in true_divide (Mor06v)
Mor07v,mobley_5852491,invalid value encountered in true_divide (Mor07v)
Mor08v,mobley_5852491,invalid value encountered in true_divide (Mor08v)
Mor09v,mobley_5852491,invalid value encountered in true_divide (Mor09v)
Mor10v,mobley_5852491,invalid value encountered in true_divide (Mor10v)
Mor11v,mobley_5852491,invalid value encountered in true_divide (Mor11v)
Mor12v,mobley_5852491,invalid value encountered in true_divide (Mor12v)
Mor13v,mobley_5852491,invalid value encountered in true_divide (Mor13v)
Mor14v,mobley_5852491,invalid value encountered in true_divide (Mor14v)
Mor15v,mobley_5852491,invalid value encountered in true_divide (Mor15v)
Mor16v,mobley_5852491,invalid value encountered in true_divide (Mor16v)
Mor17v,mobley_5852491,invalid value encountered in true_divide (Mor17v)
Mor18v,mobley_5852491,invalid value encountered in true_divide (Mor18v)
Mor19v,mobley_5852491,invalid value encountered in true_divide (Mor19v)
Mor20v,mobley_5852491,invalid value encountered in true_divide (Mor20v)
Mor21v,mobley_5852491,invalid value encountered in true_divide (Mor21v)
Mor22v,mobley_5852491,invalid value encountered in true_divide (Mor22v)
Mor23v,mobley_5852491,invalid value encountered in true_divide (Mor23v)
Mor24v,mobley_5852491,invalid value encountered in true_divide (Mor24v)
Mor25v,mobley_5852491,invalid value encountered in true_divide (Mor25v)
Mor26v,mobley_5852491,invalid value encountered in true_divide (Mor26v)
Mor27v,mobley_5852491,invalid value encountered in true_divide (Mor27v)
Mor28v,mobley_5852491,invalid value encountered in true_divide (Mor28v)
Mor29v,mobley_5852491,invalid value encountered in true_divide (Mor29v)
Mor30v,mobley_5852491,invalid value encountered in true_divide (Mor30v)
Mor31v,mobley_5852491,invalid value encountered in true_divide (Mor31v)
Mor32v,mobley_5852491,invalid value encountered in true_divide (Mor32v)
Mor02se,mobley_5852491,invalid value encountered in true_divide (Mor02se)
Mor03se,mobley_5852491,invalid value encountered in true_divide (Mor03se)
Mor04se,mobley_5852491,invalid value encountered in true_divide (Mor04se)
Mor05se,mobley_5852491,invalid value encountered in true_divide (Mor05se)
Mor06se,mobley_5852491,invalid value encountered in true_divide (Mor06se)
Mor07se,mobley_5852491,invalid value encountered in true_divide (Mor07se)
Mor08se,mobley_5852491,invalid value encountered in true_divide (Mor08se)
Mor09se,mobley_5852491,invalid value encountered in true_divide (Mor09se)
Mor10se,mobley_5852491,invalid value encountered in true_divide (Mor10se)
Mor11se,mobley_5852491,invalid value encountered in true_divide (Mor11se)
Mor12se,mobley_5852491,invalid value encountered in true_divide (Mor12se)
Mor13se,mobley_5852491,invalid value encountered in true_divide (Mor13se)
Mor14se,mobley_5852491,invalid value encountered in true_divide (Mor14se)
Mor15se,mobley_5852491,invalid value encountered in true_divide (Mor15se)
Mor16se,mobley_5852491,invalid value encountered in true_divide (Mor16se)
Mor17se,mobley_5852491,invalid value encountered in true_divide (Mor17se)
Mor18se,mobley_5852491,invalid value encountered in true_divide (Mor18se)
Mor19se,mobley_5852491,invalid value encountered in true_divide (Mor19se)
Mor20se,mobley_5852491,invalid value encountered in true_divide (Mor20se)
Mor21se,mobley_5852491,invalid value encountered in true_divide (Mor21se)
Mor22se,mobley_5852491,invalid value encountered in true_divide (Mor22se)
Mor23se,mobley_5852491,invalid value encountered in true_divide (Mor23se)
Mor24se,mobley_5852491,invalid value encountered in true_divide (Mor24se)
Mor25se,mobley_5852491,invalid value encountered in true_divide (Mor25se)
Mor26se,mobley_5852491,invalid value encountered in true_divide (Mor26se)
Mor27se,mobley_5852491,invalid value encountered in true_divide (Mor27se)
Mor28se,mobley_5852491,invalid value encountered in true_divide (Mor28se)
Mor29se,mobley_5852491,invalid value encountered in true_divide (Mor29se)
Mor30se,mobley_5852491,invalid value encountered in true_divide (Mor30se)
Mor31se,mobley_5852491,invalid value encountered in true_divide (Mor31se)
Mor32se,mobley_5852491,invalid value encountered in true_divide (Mor32se)
Mor02p,mobley_5852491,invalid value encountered in true_divide (Mor02p)
Mor03p,mobley_5852491,invalid value encountered in true_divide (Mor03p)
Mor04p,mobley_5852491,invalid value encountered in true_divide (Mor04p)
Mor05p,mobley_5852491,invalid value encountered in true_divide (Mor05p)
Mor06p,mobley_5852491,invalid value encountered in true_divide (Mor06p)
Mor07p,mobley_5852491,invalid value encountered in true_divide (Mor07p)
Mor08p,mobley_5852491,invalid value encountered in true_divide (Mor08p)
Mor09p,mobley_5852491,invalid value encountered in true_divide (Mor09p)
Mor10p,mobley_5852491,invalid value encountered in true_divide (Mor10p)
Mor11p,mobley_5852491,invalid value encountered in true_divide (Mor11p)
Mor12p,mobley_5852491,invalid value encountered in true_divide (Mor12p)
Mor13p,mobley_5852491,invalid value encountered in true_divide (Mor13p)
Mor14p,mobley_5852491,invalid value encountered in true_divide (Mor14p)
Mor15p,mobley_5852491,invalid value encountered in true_divide (Mor15p)
Mor16p,mobley_5852491,invalid value encountered in true_divide (Mor16p)
Mor17p,mobley_5852491,invalid value encountered in true_divide (Mor17p)
Mor18p,mobley_5852491,invalid value encountered in true_divide (Mor18p)
Mor19p,mobley_5852491,invalid value encountered in true_divide (Mor19p)
Mor20p,mobley_5852491,invalid value encountered in true_divide (Mor20p)
Mor21p,mobley_5852491,invalid value encountered in true_divide (Mor21p)
Mor22p,mobley_5852491,invalid value encountered in true_divide (Mor22p)
Mor23p,mobley_5852491,invalid value encountered in true_divide (Mor23p)
Mor24p,mobley_5852491,invalid value encountered in true_divide (Mor24p)
Mor25p,mobley_5852491,invalid value encountered in true_divide (Mor25p)
Mor26p,mobley_5852491,invalid value encountered in true_divide (Mor26p)
Mor27p,mobley_5852491,invalid value encountered in true_divide (Mor27p)
Mor28p,mobley_5852491,invalid value encountered in true_divide (Mor28p)
Mor29p,mobley_5852491,invalid value encountered in true_divide (Mor29p)
Mor30p,mobley_5852491,invalid value encountered in true_divide (Mor30p)
Mor31p,mobley_5852491,invalid value encountered in true_divide (Mor31p)
Mor32p,mobley_5852491,invalid value encountered in true_divide (Mor32p)
MDEC-11,mobley_5852491,float division by zero (MDEC-11)
MDEC-12,mobley_1893815,float division by zero (MDEC-12)
MDEC-13,mobley_9838013,float division by zero (MDEC-13)
MDEC-14,mobley_5852491,float division by zero (MDEC-14)
MDEC-22,mobley_9838013,float division by zero (MDEC-22)
MDEC-23,mobley_9838013,float division by zero (MDEC-23)
MDEC-24,mobley_5852491,float division by zero (MDEC-24)
MDEC-33,mobley_5852491,float division by zero (MDEC-33)
MDEC-34,mobley_5852491,float division by zero (MDEC-34)
MDEC-44,mobley_5852491,float division by zero (MDEC-44)
MDEO-11,mobley_5852491,float division by zero (MDEO-11)
MDEO-12,mobley_5852491,float division by zero (MDEO-12)
MDEO-22,mobley_5852491,float division by zero (MDEO-22)
MDEN-11,mobley_5852491,float division by zero (MDEN-11)
MDEN-12,mobley_5852491,float division by zero (MDEN-12)
MDEN-13,mobley_5852491,float division by zero (MDEN-13)
MDEN-22,mobley_5852491,float division by zero (MDEN-22)
MDEN-23,mobley_5852491,float division by zero (MDEN-23)
MDEN-33,mobley_5852491,float division by zero (MDEN-33)
RotRatio,mobley_5631798,float division by zero (RotRatio)
TopoShapeIndex,mobley_5631798,invalid value encountered in double_scalars (TopoShapeIndex)
PetitjeanIndex,mobley_5631798,invalid value encountered in double_scalars (PetitjeanIndex)
Vabc,mobley_664966,unknown atom type (Vabc)
VAdjMat,mobley_5631798,divide by zero encountered in log2 (VAdjMat)
mZagreb1,mobley_5631798,divide by zero encountered in power (mZagreb1)
